endgame,n,positions,wtm_white_wins,wtm_draws,wtm_black_wins,btm_white_wins,btm_draws,btm_black_wins,deepest_white_ply,deepest_black_ply,quiet_placements,quiet_wtm_white_wins,quiet_btm_white_wins,seconds
RRvR,3,252,252,0,0,144,108,0,5,0,54,54,54,0.00
RRvR,4,1680,1104,576,0,0,1680,0,1,0,576,0,0,0.00
RRvR,5,6900,3900,3000,0,0,6900,0,1,0,3000,0,0,0.00
RRvR,6,21420,10620,10800,0,0,21420,0,1,0,10800,0,0,0.00
RRvR,7,55272,24402,30870,0,0,55272,0,1,0,30870,0,0,0.00
RRvR,8,124992,49728,75264,0,0,124992,0,1,0,75264,0,0,0.00
RRvR,9,255960,92664,163296,0,0,255960,0,1,0,163296,0,0,0.01
RRvR,10,485100,161100,324000,0,0,485100,0,1,0,324000,0,0,0.02
RRvR,11,863940,264990,598950,0,0,863940,0,1,0,598950,0,0,0.03
RRvR,12,1462032,416592,1045440,0,0,1462032,0,1,0,1045440,0,0,0.06
RRvR,13,2370732,630708,1740024,0,0,2370732,0,1,0,1740024,0,0,0.11
RRvR,14,3707340,924924,2782416,0,0,3707340,0,1,0,2782416,0,0,0.16
RRvR,15,5619600,1319850,4299750,0,0,5619600,0,1,0,4299750,0,0,0.28
RRvR,16,8290560,1839360,6451200,0,0,8290560,0,1,0,6451200,0,0,0.42
RRvR,17,11943792,2510832,9432960,0,0,11943792,0,1,0,9432960,0,0,0.65
RvR,3,72,36,36,0,0,36,36,1,1,,,,
RvR,4,240,96,144,0,0,144,96,1,1,,,,
RvR,5,600,200,400,0,0,400,200,1,1,,,,
RvR,6,1260,360,900,0,0,900,360,1,1,,,,
RvR,7,2352,588,1764,0,0,1764,588,1,1,,,,
RvR,8,4032,896,3136,0,0,3136,896,1,1,,,,
RvR,9,6480,1296,5184,0,0,5184,1296,1,1,,,,
RvR,10,9900,1800,8100,0,0,8100,1800,1,1,,,,
RvR,11,14520,2420,12100,0,0,12100,2420,1,1,,,,
RvR,12,20592,3168,17424,0,0,17424,3168,1,1,,,,
RvR,13,28392,4056,24336,0,0,24336,4056,1,1,,,,
RvR,14,38220,5096,33124,0,0,33124,5096,1,1,,,,
RvR,15,50400,6300,44100,0,0,44100,6300,1,1,,,,
RvR,16,65280,7680,57600,0,0,57600,7680,1,1,,,,
RvR,17,83232,9248,73984,0,0,73984,9248,1,1,,,,
RRvN,3,252,246,6,0,224,28,0,3,0,14,8,8,0.00
RRvN,4,1680,1680,0,0,1680,0,0,5,0,244,244,244,0.00
RRvN,5,6900,6900,0,0,6900,0,0,5,0,1724,1724,1724,0.00
RRvN,6,21420,21420,0,0,21420,0,0,7,0,7292,7292,7292,0.00
RRvN,7,55272,55272,0,0,48192,7080,0,9,0,23026,23026,23026,0.00
RRvN,8,124992,124992,0,0,110012,14980,0,11,0,59972,59972,59972,0.01
RRvN,9,255960,255960,0,0,229232,26728,0,13,0,136244,136244,136244,0.02
RRvN,10,485100,485100,0,0,440904,44196,0,17,0,279484,279484,279484,0.04
RRvN,11,863940,863940,0,0,794972,68968,0,17,0,529682,529682,529682,0.08
RRvN,12,1462032,1462032,0,0,1359212,102820,0,19,0,942356,942356,942356,0.15
RvN,3,72,68,4,0,48,8,16,7,1,,,,
RvN,4,240,240,0,0,192,0,48,5,1,,,,
RvN,5,600,600,0,0,504,0,96,9,1,,,,
RvN,6,1260,1260,0,0,1100,0,160,13,1,,,,
RvN,7,2352,916,1436,0,44,2068,240,9,1,,,,
RvN,8,4032,1128,2904,0,20,3676,336,3,1,,,,
RvN,9,6480,1568,4912,0,20,6012,448,3,1,,,,
RvN,10,9900,2112,7788,0,20,9304,576,3,1,,,,
RvN,11,14520,2772,11748,0,20,13780,720,3,1,,,,
RvN,12,20592,3560,17032,0,20,19692,880,3,1,,,,
RRvB,3,252,252,0,0,224,28,0,5,0,8,8,8,0.00
RRvB,4,1680,1680,0,0,1448,232,0,7,0,204,204,204,0.00
RRvB,5,6900,6900,0,0,5284,1616,0,9,0,1444,1444,1444,0.00
RRvB,6,21420,18052,3368,0,5944,15476,0,11,0,6116,4424,2528,0.00
RRvB,7,55272,33626,21646,0,2652,52620,0,17,0,19364,5840,1316,0.01
RRvB,8,124992,53320,71672,0,312,124680,0,9,0,50664,1424,0,0.01
RRvB,9,255960,97392,158568,0,348,255612,0,9,0,115768,1860,0,0.02
RRvB,10,485100,167108,317992,0,384,484716,0,9,0,239000,2344,0,0.05
RRvB,11,863940,272422,591518,0,420,863520,0,9,0,455920,2876,0,0.10
RRvB,12,1462032,425592,1036440,0,456,1461576,0,9,0,816340,3456,0,0.17
RRvB,13,2370732,641420,1729312,0,492,2370240,0,9,0,1387708,4084,0,0.33
RRvB,14,3707340,937492,2769848,0,528,3706812,0,9,0,2258844,4760,0,0.49
RRvB,15,5619600,1334418,4285182,0,564,5619036,0,9,0,3544044,5484,0,0.76
RRvB,16,8290560,1856072,6434488,0,600,8289960,0,9,0,5387536,6256,0,1.15
RvB,3,72,60,12,0,32,20,20,5,1,,,,
RvB,4,240,168,72,0,40,144,56,7,1,,,,
RvB,5,600,200,400,0,0,480,120,1,1,,,,
RvB,6,1260,360,900,0,0,1040,220,1,1,,,,
RvB,7,2352,588,1764,0,0,1988,364,1,1,,,,
RvB,8,4032,896,3136,0,0,3472,560,1,1,,,,
RvB,9,6480,1296,5184,0,0,5664,816,1,1,,,,
RvB,10,9900,1800,8100,0,0,8760,1140,1,1,,,,
RvB,11,14520,2420,12100,0,0,12980,1540,1,1,,,,
RvB,12,20592,3168,17424,0,0,18568,2024,1,1,,,,
RvB,13,28392,4056,24336,0,0,25792,2600,1,1,,,,
RvB,14,38220,5096,33124,0,0,34944,3276,1,1,,,,
RvB,15,50400,6300,44100,0,0,46340,4060,1,1,,,,
RvB,16,65280,7680,57600,0,0,60320,4960,1,1,,,,
RvN_ext,3,72,68,4,0,48,8,16,7,1,,,,0.00
RvN_ext,4,240,240,0,0,192,0,48,5,1,,,,0.00
RvN_ext,5,600,600,0,0,504,0,96,9,1,,,,0.00
RvN_ext,6,1260,1260,0,0,1100,0,160,13,1,,,,0.00
RvN_ext,7,2352,916,1436,0,44,2068,240,9,1,,,,0.00
RvN_ext,8,4032,1128,2904,0,20,3676,336,3,1,,,,0.00
RvN_ext,9,6480,1568,4912,0,20,6012,448,3,1,,,,0.00
RvN_ext,10,9900,2112,7788,0,20,9304,576,3,1,,,,0.00
RvN_ext,11,14520,2772,11748,0,20,13780,720,3,1,,,,0.00
RvN_ext,12,20592,3560,17032,0,20,19692,880,3,1,,,,0.00
RvN_ext,13,28392,4488,23904,0,20,27316,1056,3,1,,,,0.00
RvN_ext,14,38220,5568,32652,0,20,36952,1248,3,1,,,,0.00
RvN_ext,15,50400,6812,43588,0,20,48924,1456,3,1,,,,0.00
RvN_ext,16,65280,8232,57048,0,20,63580,1680,3,1,,,,0.00
RvN_ext,17,83232,9840,73392,0,20,81292,1920,3,1,,,,0.00
RvN_ext,18,104652,11648,93004,0,20,102456,2176,3,1,,,,0.00
RvN_ext,19,129960,13668,116292,0,20,127492,2448,3,1,,,,0.00
RvN_ext,20,159600,15912,143688,0,20,156844,2736,3,1,,,,0.01
QQvR,3,252,252,0,0,252,0,0,3,0,8,8,8,0.00
QQvR,4,1680,1680,0,0,1240,440,0,3,0,204,204,204,0.00
QQvR,5,6900,6900,0,0,4940,1960,0,5,0,1444,1444,1444,0.00
QQvR,6,21420,21420,0,0,15300,6120,0,11,0,6116,6116,6116,0.00
QQvR,7,55272,35908,19364,0,364,54908,0,1,0,19364,0,0,0.00
QQvR,8,124992,74328,50664,0,560,124432,0,1,0,50664,0,0,0.01
QQvR,9,255960,140192,115768,0,816,255144,0,1,0,115768,0,0,0.01
QQvR,10,485100,246100,239000,0,1140,483960,0,1,0,239000,0,0,0.02
QQvR,11,863940,408020,455920,0,1540,862400,0,1,0,455920,0,0,0.04
QQvR,12,1462032,645692,816340,0,2024,1460008,0,1,0,816340,0,0,0.07
QvR,3,72,72,0,0,36,0,36,3,1,,,,
QvR,4,240,152,88,0,0,144,96,1,1,,,,
QvR,5,600,320,280,0,0,400,200,1,1,,,,
QvR,6,1260,580,680,0,0,900,360,1,1,,,,
QvR,7,2352,952,1400,0,0,1764,588,1,1,,,,
QvR,8,4032,1456,2576,0,0,3136,896,1,1,,,,
QvR,9,6480,2112,4368,0,0,5184,1296,1,1,,,,
QvR,10,9900,2940,6960,0,0,8100,1800,1,1,,,,
QvR,11,14520,3960,10560,0,0,12100,2420,1,1,,,,
QvR,12,20592,5192,15400,0,0,17424,3168,1,1,,,,
QQvB,3,252,252,0,0,252,0,0,3,0,8,8,8,0.00
QQvB,4,1680,1680,0,0,1680,0,0,3,0,204,204,204,0.00
QQvB,5,6900,6900,0,0,6412,488,0,5,0,1444,1444,1444,0.00
QQvB,6,21420,21420,0,0,17516,3904,0,5,0,6116,6116,6116,0.00
QQvB,7,55272,55272,0,0,45408,9864,0,7,0,19364,19364,19364,0.00
QQvB,8,124992,124992,0,0,103472,21520,0,9,0,50664,50664,50664,0.01
QQvB,9,255960,255960,0,0,213720,42240,0,11,0,115768,115768,115768,0.02
QQvB,10,485100,485100,0,0,408620,76480,0,15,0,239000,239000,239000,0.07
QQvB,11,863940,863940,0,0,733940,130000,0,27,0,455920,455920,455920,0.23
QQvB,12,1462032,722296,739736,0,9280,1452752,0,37,0,816340,76604,0,0.75
QQvB,13,2370732,1083868,1286864,0,11056,2359676,0,39,0,1387708,100844,0,1.35
QQvB,14,3707340,1578748,2128592,0,12996,3694344,0,45,0,2258844,130252,0,2.54
QQvB,15,5619600,2240184,3379416,0,15148,5604452,0,47,0,3544044,164628,0,4.51
QQvB,16,8290560,3108148,5182412,0,17472,8273088,0,53,0,5387536,205124,0,8.61
QQvB,17,11943792,4226956,7716836,0,20020,11923772,0,55,0,7968304,251468,0,13.35
QQvB,18,16848972,5648600,11200372,0,22748,16826224,0,61,0,11505264,304892,0,22.91
QQvB,19,23327820,7430040,15897780,0,25712,23302108,0,63,0,16262808,365028,0,35.63
QQvB,20,31760400,9636904,22123496,0,28864,31731536,0,69,0,22556700,433204,0,56.66
QvB,3,72,72,0,0,52,0,20,3,1,,,,
QvB,4,240,240,0,0,184,0,56,5,1,,,,
QvB,5,600,504,96,0,256,224,120,5,1,,,,
QvB,6,1260,580,680,0,0,1040,220,1,1,,,,
QvB,7,2352,952,1400,0,0,1988,364,1,1,,,,
QvB,8,4032,1456,2576,0,0,3472,560,1,1,,,,
QvB,9,6480,2112,4368,0,0,5664,816,1,1,,,,
QvB,10,9900,2940,6960,0,0,8760,1140,1,1,,,,
QvB,11,14520,3960,10560,0,0,12980,1540,1,1,,,,
QvB,12,20592,5192,15400,0,0,18568,2024,1,1,,,,
QvB,13,28392,6656,21736,0,0,25792,2600,1,1,,,,
QvB,14,38220,8372,29848,0,0,34944,3276,1,1,,,,
QvB,15,50400,10360,40040,0,0,46340,4060,1,1,,,,
QvB,16,65280,12640,52640,0,0,60320,4960,1,1,,,,
QvB,17,83232,15232,68000,0,0,77248,5984,1,1,,,,
QvB,18,104652,18156,86496,0,0,97512,7140,1,1,,,,
QvB,19,129960,21432,108528,0,0,121524,8436,1,1,,,,
QvB,20,159600,25080,134520,0,0,149720,9880,1,1,,,,
QQvQ,3,252,252,0,0,196,56,0,3,0,8,8,8,0.00
QQvQ,4,1680,1680,0,0,1136,544,0,5,0,204,204,204,0.00
QQvQ,5,6900,6900,0,0,4292,2608,0,7,0,1444,1444,1444,0.00
QQvQ,6,21420,15304,6116,0,0,21420,0,1,0,6116,0,0,0.00
QQvQ,7,55272,35908,19364,0,0,55272,0,1,0,19364,0,0,0.00
QQvQ,8,124992,74328,50664,0,0,124992,0,1,0,50664,0,0,0.00
QQvQ,9,255960,140192,115768,0,0,255960,0,1,0,115768,0,0,0.01
QQvQ,10,485100,246100,239000,0,0,485100,0,1,0,239000,0,0,0.02
QQvQ,11,863940,408020,455920,0,0,863940,0,1,0,455920,0,0,0.04
QQvQ,12,1462032,645692,816340,0,0,1462032,0,1,0,816340,0,0,0.07
QvQ,3,72,56,16,0,0,16,56,1,1,,,,
QvQ,4,240,152,88,0,0,88,152,1,1,,,,
QvQ,5,600,320,280,0,0,280,320,1,1,,,,
QvQ,6,1260,580,680,0,0,680,580,1,1,,,,
QvQ,7,2352,952,1400,0,0,1400,952,1,1,,,,
QvQ,8,4032,1456,2576,0,0,2576,1456,1,1,,,,
QvQ,9,6480,2112,4368,0,0,4368,2112,1,1,,,,
QvQ,10,9900,2940,6960,0,0,6960,2940,1,1,,,,
QvQ,11,14520,3960,10560,0,0,10560,3960,1,1,,,,
QvQ,12,20592,5192,15400,0,0,15400,5192,1,1,,,,
QQQvQ,3,504,504,0,0,504,0,0,1,0,0,0,0,0.00
QQQvQ,4,7280,7280,0,0,7280,0,0,3,0,0,0,0,0.00
QQQvQ,5,50600,50600,0,0,50600,0,0,5,0,0,0,0,0.00
QQQvQ,6,235620,235620,0,0,157416,78204,0,7,0,0,0,0,0.02
QQQvQ,7,847504,847504,0,0,545696,301808,0,13,0,0,0,0,0.10
QQQvQ,8,2541504,1892744,648760,0,432,2541072,0,3,0,0,0,0,0.15
QQQvQ,9,6654960,4644928,2010032,0,352,6654608,0,1,0,0,0,0,0.40
QQQvQ,10,15684900,10287044,5397856,0,292,15684608,0,1,0,0,0,0,1.05
QQQvQ,11,33981640,20999544,12982096,0,308,33981332,0,1,0,0,0,0,2.54
QQQvQ,12,68715504,40118768,28596736,0,312,68715192,0,1,0,0,0,0,5.92
QQQvQ,13,131180504,72545648,58634856,0,328,131180176,0,1,0,0,0,0,12.78
QQQvQ,14,238505540,125242068,113263472,0,332,238505208,0,1,0,0,0,0,25.89
QQQQvQ,3,630,630,0,0,630,0,0,1,0,0,0,0,0.00
QQQQvQ,4,21840,21840,0,0,21840,0,0,3,0,0,0,0,0.00
QQQQvQ,5,265650,265650,0,0,265650,0,0,3,0,0,0,0,0.02
QQQQvQ,6,1884960,1884960,0,0,1884960,0,0,5,0,0,0,0,0.09
QQQQvQ,7,9534420,9534420,0,0,9534420,0,0,7,0,0,0,0,0.68
QQQQvQ,8,38122560,38122560,0,0,25921696,12200864,0,11,0,0,0,0,4.19
QQQQvQ,9,128107980,128107980,0,0,84778060,43329920,0,21,0,0,0,0,36.78
QQQQvQ,10,376437600,286253728,90183872,0,177204,376260396,0,5,0,0,0,0,60.75
QQQQvQ,11,993962970,719723494,274239476,0,216604,993746366,0,1,0,0,0,0,100.92
RRvN,13,2370732,2370732,0,0,2223012,147720,0,21,0,1592092,1592092,1592092,0.28
RRvN,14,3707340,3707340,0,0,3501512,205828,0,23,0,2576444,2576444,2576444,0.48
RRvN,15,5619600,5619600,0,0,5340104,279496,0,25,0,4020194,4020194,4020194,0.88
RRvN,16,8290560,8290560,0,0,7919292,371268,0,27,0,6079972,6079972,6079972,1.44
RRvN,17,11943792,11943792,0,0,11459912,483880,0,27,0,8949236,8949236,8949236,2.28
RRvN,18,16848972,16848972,0,0,16228712,620260,0,29,0,12863612,12863612,12863612,3.41
RRvN,19,23327820,23327820,0,0,22544292,783528,0,31,0,18106594,18106594,18106594,5.24
RRvN,20,31760400,31760400,0,0,30783404,976996,0,33,0,25015604,25015604,25015604,7.96
RRvN,21,42591780,42591780,0,0,41387612,1204168,0,35,0,33988412,33988412,33988412,12.65
RRvN,22,56339052,56339052,0,0,54870312,1468740,0,37,0,45489916,45489916,45489916,18.68
RRvN,23,73598712,73598712,0,0,71824112,1774600,0,39,0,60059282,60059282,60059282,27.56
RRvN,24,95054400,95054400,0,0,92928572,2125828,0,41,0,78317444,78317444,78317444,36.88
RRvN,25,121485000,121485000,0,0,118958304,2526696,0,43,0,100974964,100974964,100974964,52.62
